merch_lat,merch_long
32.575873,-102.60429
42.461127000000005,-91.147148
42.771834000000005,-90.158365
31.204974,-90.261595
31.315782,-102.73639
28.396402,-80.819469
30.354797,-91.146131
30.761363,-91.7136
29.902451,-91.749089
43.027879,-90.493768
30.652786,-90.206798
27.059901,-80.32383
29.784597,-90.671894
28.256217,-80.914551
30.283263,-90.606406
27.874482,-80.381534
27.913215,-80.423565
28.218323,-80.97967
29.477134000000003,-90.715715
27.339943,-81.199244
26.782874,-79.428065
27.27806,-79.59461800000001
42.385601,-79.023729
41.898108,-78.397992
42.012741,-79.204228
43.042593,-79.05250799999999
41.864069,-79.63338399999999
43.22957,-78.451208
41.673916,-78.922416
44.408786,-66.96074499999999
43.110777,-78.685005
41.940223,-78.541627
43.225233,-77.81421800000001
44.971125,-68.90919699999999
43.217469,-78.33609399999999
44.894012,-68.76144599999999
45.216686,-67.15414100000001
45.05939,-68.335587
44.386233,-68.757723
44.955637,-67.503251
44.031055,-68.81560400000001
43.143611,-78.708062
33.248204,-85.74504499999999
34.843287,-85.800046
33.27753,-86.362105
40.821649,-86.546862
33.227584,-86.050751
34.483166,-86.33510799999999
34.539133,-86.76194100000001
34.590163000000004,-85.76717099999999
41.618135,-87.55474699999999
41.155063,-86.64502900000001
41.802631,-88.38959200000001
44.744951,-98.214561
41.554511,-87.016728
41.870903000000006,-87.172741
41.505282,-86.715398
40.691289000000005,-87.41234399999999
46.0403,-97.71046
41.104946000000005,-87.261548
45.419993,-97.823968
44.920705,-99.264799
34.247756,-84.94930500000001
33.710897,-85.09965600000001
33.114693,-85.83744300000001
40.256607,-81.036006
45.247843,-98.280882
40.19583,-81.59141899999999
40.763354,-81.317657
46.45845,-98.578936
41.894724,-81.866035
45.128934,-98.292388
40.199599,-81.10859599999999
37.582402,-85.696596
37.310617,-92.913015
40.870022,-81.91135
37.370362,-91.874828
39.533647,-75.101612
37.790394,-85.506713
40.115189,-75.488261
36.218266,-91.793638
37.618824,-85.43769300000001
37.737605,-86.051863
38.759631,-74.136925
35.871554,-91.637032
40.013038,-74.902923
37.325467,-91.58335
35.660418,-80.569244
38.033283,-85.15483499999999
36.34707,-92.601754
37.68554,-84.893428
35.459619,-92.066649
40.682223,-80.74166
41.703644,-80.949957
40.166832,-82.007641
46.832982,-121.160406
38.526678,-85.630686
39.297454,-74.974855
37.478147,-86.731721
47.856895,-121.562764
36.52083,-92.26128
35.582421999999994,-91.611369
34.210592,-80.548441
46.570814,-121.952525
35.055611,-81.829295
36.867779,-91.124677
47.635992,-122.36239
38.785077,-75.598612
48.399267,-121.500632
47.375404,-121.358143
35.853558,-81.172494
38.653216,-74.367462
39.416971,-74.20669699999999
46.780492,-122.916246
36.05983,-81.818185
35.631507,-92.411869
36.729191,-92.401574
39.219237,-86.65425400000001
47.859839,-121.232474
39.340316,-75.669888
39.045168,-74.554456
38.668035,-74.77953199999999
47.151091,-122.373027
36.86303,-91.371724
35.179315,-82.382785
38.188666,-86.542169
39.403926,-74.773576
38.487274,-74.886792
37.6226,-85.91279300000001
36.308326,-92.353418
39.48877,-75.297022
39.889722,-74.958256
39.075545,-85.607381
47.402638,-122.645785
48.472294,-121.312176
39.640502000000005,-104.816614
39.705499,-104.817495
44.823867,-94.689224
46.462649,-94.151278
39.31171,-77.683835
40.036844,-79.139843
45.401134000000006,-94.394455
40.159578,-78.10995600000001
40.042611,-77.734092
45.518257,-94.170698
39.840071,-78.945141
45.707033,-93.280211
39.333607,-77.99670400000001
45.958943,-94.553793
45.088713,-94.322241
44.782366,-93.49626
40.146169,-78.837614
39.993252000000005,-78.240985
39.093353,-78.094325
34.737279,-81.36533100000001
33.464183,-81.317635
33.775548,-80.95723000000001
33.595316,-81.34936
39.618476,-77.753339
39.114715,-77.385777
39.765177,-78.916377
31.462816,-105.91891499999998
34.93699,-81.524364
33.852327,-80.962576
35.143215000000005,-82.367929
31.665331,-105.654444
33.233527,-82.20876700000001
34.537761,-81.55863199999999
34.278473,-80.69075
34.658999,-81.37643100000001
32.128386,-105.636375
34.216526,-81.815763
33.595052,-82.0122
34.201798,-80.781869
35.098667,-82.148658
31.251258,-104.773467
35.320414,-79.222925
36.886127,-79.280067
35.58212,-77.79119399999999
32.099046,-105.727073
31.805983,-105.005893
31.352161,-104.97673799999998
31.577259,-105.629058
35.619927000000004,-79.359728
32.383445,-104.996947
36.140824,-78.523526
36.013782,-79.16346899999999
35.760507000000004,-79.496727
31.531105,-104.967163
36.046066,-77.822588
36.553598,-79.34500200000001
45.191712,-101.18155
46.439097,-100.174671
44.988803,-102.0136
35.944982,-78.79561600000001
36.26427,-77.992763
36.276271,-78.626088
46.082516,-101.105451
45.376097,-101.260996
35.673797,-78.005853
45.027484,-101.388104
46.390281,-100.945496
46.627347,-101.090798
35.815861,-77.595782
44.923613,-100.548544
34.784836,-77.765043
35.365011,-76.51630899999999
45.088576,-101.748767
45.513899,-101.748246
35.922623,-77.33431
35.971831,-77.744863
35.057497,-77.978279
34.767491,-76.444071
34.802368,-76.57119300000001
36.209484,-77.49513
40.861972,-96.095497
41.10998,-95.958421
40.96852,-97.184621
42.004346000000005,-73.836943
43.098401,-74.096572
41.541876,-96.182446
41.065633,-96.191279
41.766659,-73.808949
41.832669,-73.705127
27.114345,-81.327908
41.49615,-73.174983
41.306340000000006,-97.523575
26.550617,-82.237909
42.06394,-72.813552
42.517951,-73.335409
41.645054,-73.430254
40.154011,-97.026012
41.94105,-74.316641
26.283094,-81.310425
40.883572,-96.366586
31.941283,-90.709249
32.107481,-90.853196
41.47972,-96.935342
31.014031,-90.689488
30.777478,-90.537908
39.819651,-96.024907
40.09257,-96.554099
40.748964,-96.982935
41.347912,-96.042728
44.396592,-92.821073
44.302549,-93.167974
31.110229,-90.295183
31.186425,-90.759973
42.410704,-78.081847
32.394329,-90.150933
30.998257,-91.670257
30.600768,-91.329178
44.281146,-93.9805
43.531818,-78.033574
31.665693,-91.741832
44.095024,-94.038821
31.742309,-90.259289
31.723859,-91.18125
43.083272,-78.132547
43.745898,-93.001669
45.105033,-94.215523
43.807193,-77.310928
42.307983,-77.5606
39.386092,-94.970131
42.74851,-77.537387
42.132967,-77.005521
38.866562,-92.984121
42.794331,-77.85361800000001
44.788656,-92.850329
43.602685,-92.969851
38.212745,-93.038614
45.228947,-94.31939
42.863033,-76.962416
44.595331,-90.822419
45.41616,-91.464968
45.179894,-91.812761
44.456675,-90.767457
44.852175,-90.557513
44.885078,-90.673145
45.727734000000005,-90.696716
43.957966,-90.815242
46.614199,-93.399573
36.259574,-82.06890899999999
36.763378,-81.221175
36.974070000000005,-81.273239
46.163505,-94.396501
44.535431,-109.646361
47.829339,-93.985386
46.292061,-94.024468
44.349078000000006,-109.156419
47.649872,-94.655308
47.275469,-93.430403
44.290493,-108.71719
46.308768,-94.650591
35.30356,-82.04215699999999
45.057183,-107.993248
43.063944,-88.67823
46.111363,-109.876927
43.659984,-88.720395
36.10807,-81.120944
46.917912,-93.198711
43.592156,-88.31310699999999
36.576273,-81.304536
45.113582,-108.650595
35.411375,-81.649807
46.115585,-108.565385
42.513649,-88.337195
46.047818,-109.446927
47.158087,-93.759129
35.946295,-80.57757
44.557191,-107.920422
42.848162,-87.778512
43.144953,-88.419539
37.05618,-81.14272700000001
45.869047,-108.51966000000002
38.442526,-78.556268
46.150896,-94.020578
46.385726,-93.212891
38.009625,-78.766662
45.933766,-109.034805
36.305746,-80.929714
45.866906,-108.50611200000002
36.030888,-80.282022
38.650959,-79.825939
42.727735,-88.40260500000001
44.993214,-123.335403
46.221079,-123.626395
37.806283,-79.30593499999999
43.879333,-88.726794
20.916219,-155.31916299999995
46.125588,-123.173937
39.208633,-79.91475
38.424982,-79.419165
38.864226,-79.199637
37.906677,-79.12953900000001
37.588409000000006,-78.581611
38.877282,-79.924397
38.831006,-79.108034
38.582544,-79.508562
43.126331,-88.10964
20.990102,-154.986614
19.607092,-155.217781
45.517912,-122.373091
20.263798,-155.011675
39.279,-79.143204
43.29782,-87.30996800000001
42.027111,-88.529956
45.299985,-122.538645
19.393922,-156.469371
43.725099,-88.99354100000001
44.510266,-122.022782
46.005943,-123.597116
45.410675,-123.397432
38.468934,-86.302768
44.932577,-123.071139
46.359524,-123.032119
39.017017,-86.076657
38.25085,-86.730716
20.184493,-156.069084
19.161782,-155.890773
39.721608,-86.457261
20.964497,-156.480766
38.596484,-86.172363
38.602859,-86.306075
39.762481,-85.862616
20.022969,-155.387994
39.780983,-86.236041
38.00437,-87.02705300000001
39.203152,-87.41735200000001
45.619941,-123.00991100000002
44.901522,-122.60014
39.429037,-87.423242
45.125215,-123.364694
45.040038,-121.810712
45.219497,-122.427224
39.394551,-86.02461
39.609781,-87.062331
45.545722,-123.244956
45.551237,-123.655281
38.250704,-86.82561199999999
44.616924,-122.043982
40.813117,-75.96804200000001
41.452924,-76.696611
46.223665,-122.805202
41.274733000000005,-75.80236500000001
44.62066,-122.081829
40.463873,-75.881064
45.053654,-121.732743
41.43607,-76.939601
44.819798,-121.749408
40.016579,-75.221864
39.922672,-75.268739
40.054082,-75.518199
39.902246000000005,-77.110446
39.834186,-76.962618
40.03677,-76.678112
43.440998,-89.391536
43.031695,-89.14931700000001
43.661381,-90.403337
43.135627,-88.984003
32.677671000000004,-96.458398
43.652973,-89.565747
33.22014,-95.609069
43.772485,-89.738382
43.429133,-89.626452
33.483503000000006,-96.510735
44.137675,-90.100158
32.615613,-97.047394
34.351369,-95.670273
43.418686,-89.40796999999999
44.574122,-89.41778000000001
43.99166,-89.00269300000001
43.572083,-88.938528
35.843189,-87.294812
33.121697,-96.954406
40.176601,-85.627122
33.489518,-96.50862
36.995927,-87.195146
36.833312,-86.948924
36.326702,-87.092698
37.736837,-88.55758399999999
40.161153000000006,-85.833203
37.68315,-87.81153
39.962187,-85.9021
41.493207,-86.588667
36.615139,-88.759174
36.12121,-87.131412
37.69827,-88.344371
41.070091,-84.86556
37.761455,-87.595425
42.08834,-90.304455
39.565925,-76.37004300000001
40.828933,-91.829207
40.723176,-90.854248
33.708212,-118.688868
39.464149,-77.146331
33.880463,-119.473564
41.630078000000005,-90.244627
40.312679,-91.133163
38.366676,-77.210792
38.385786,-77.238447
33.617538,-118.092913
38.112306,-77.743859
34.833899,-119.415161
41.84982,-91.656402
41.174465000000005,-90.802771
39.253852,-77.817487
41.309914,-90.273864
33.324396,-117.548984
38.928867,-76.30764599999999
33.055071000000005,-117.521416
33.862287,-119.286251
34.665421,-118.261771
33.979953,-118.458896
39.112742,-86.898213
38.790772,-87.160684
39.317943,-85.92994200000001
37.917313,-86.82379399999999
39.740752,-87.513185
48.171663,-97.431113
47.985204,-97.13412
48.634635,-96.424139
46.777375,-96.849907
48.458137,-97.316811
48.191798,-97.537627
47.442871,-96.809288
47.769536,-97.850139
38.70285,-87.16753800000001
39.577959,-87.32079
46.734131,-98.151007
48.164184000000006,-97.007406
47.092661,-96.783225
46.941781,-97.684605
39.505664,-87.57843299999999
37.783378000000006,-87.08454
37.356155,-85.517653
46.85439,-96.341042
37.792589,-85.244334
37.611321,-86.39285600000001
40.04167,-77.21912900000001
31.256189000000003,-87.575991
46.75386,-97.382143
38.650523,-77.665075
48.414592,-96.282691
36.061624,-85.630197
31.401244,-86.265384
31.256958,-86.79565500000001
37.723166,-86.562276
47.159478,-96.331097
39.048537,-76.47884599999999
37.869299,-86.442698
30.80909,-87.4463
36.235864,-86.328506
41.36776,-72.38510500000001
39.73311,-77.366091
39.167276,-77.027134
37.810239,-85.76572
29.952503000000004,-86.844989
31.692756,-86.176423
36.067928,-86.989377
30.152573,-87.376664
30.279472,-86.200294
39.393009,-75.779771
30.502501,-87.95567700000001
31.632968,-86.963739
30.896216,-87.942563
31.761515000000003,-87.443668
37.957994,-85.883128
37.353401,-85.958606
31.426065,-87.068753
30.500708000000003,-87.442833
36.673747,-86.930713
30.805781,-88.713412
29.989522,-86.24600500000001
30.914325,-88.35544399999999
41.516219,-72.489861
40.817996,-72.66471999999999
40.680353,-73.043091
38.724457,-76.409841
31.398897,-87.561314
30.469998,-88.052595
36.663875,-86.737973
37.553385,-86.986312
29.575172,-87.791988
30.939598,-87.826081
31.256102,-88.48709699999999
31.340758,-87.04951899999999
30.755653,-88.809163
31.563648,-87.106188
30.591638,-88.90396899999999
30.355717,-87.019374
28.053975,-80.965234
34.10204,-95.911024
27.155671,-82.14097
33.767247999999995,-96.867737
34.253868,-97.000483
30.659283,-88.24014100000001
27.120883000000003,-81.448566
33.491536,-95.956002
33.430213,-95.423245
34.298984999999995,-96.761756
29.577144,-89.286047
26.868866,-81.77568000000001
30.39588,-89.191137
41.569634,-74.92634699999999
32.743431,-96.555606
39.983503000000006,-75.28355400000001
31.315238,-88.522865
40.8865,-100.286657
40.352201,-75.487264
27.422376,-82.2434
33.653558000000004,-96.236969
33.723425,-95.81658
47.952296,-96.735687
33.674222,-95.657028
47.20493,-96.306157
33.854298,-96.6206
27.576053,-82.53643000000001
46.138938,-96.161376
26.769535,-81.91730600000001
27.407403,-82.662143
41.64395,-74.215707
34.346047,-96.202708
48.016888,-96.653005
40.586809,-74.576538
40.104288,-75.053949
32.712568,-95.559436
40.870952,-73.768359
46.617234,-97.660782
28.384954,-80.841678
26.693036,-82.674109
48.057439,-97.168901
47.485983,-97.511415
39.769553,-75.031189
41.786423,-101.020784
26.780913,-80.919804
33.545252000000005,-95.448972
27.908464,-81.273777
41.507465,-74.528902
46.493104,-97.390103
41.779142,-100.942277
41.550923,-100.194191
40.457291,-101.045061
40.450803,-101.814364
40.111432,-75.304048
33.939739,-96.337567
34.143005,-87.163133
42.241052,-93.266219
40.427648,-100.746378
46.831307,-96.349532
42.010574,-102.108069
41.571712,-101.868459
42.080129,-101.566291
34.692893,-85.278239
47.079307,-97.195856
34.249657,-85.394735
34.445289,-86.86917700000001
46.918994,-95.855367
47.221459,-97.331413
46.479977000000005,-96.524942
33.679775,-85.926354
41.015482,-102.118026
41.593729,-94.291725
42.366847,-92.708153
41.539204,-94.26698
41.129931,-94.381911
41.967764,-93.884543
41.156542,-94.007862
40.66627,-101.860761
46.801282,-97.322618
41.880136,-100.329785
42.016051,-101.568851
42.010375,-101.381529
33.732201,-85.577428
34.238801,-86.929008
40.899447,-94.021909
40.644497,-94.336415
34.639257,-85.256179
34.878111,-85.594797
35.630851,-85.359889
41.1751,-93.983309
41.517289,-94.175861
41.621656,-94.10289
30.055517,-97.840498
30.828323,-96.652547
30.611255,-98.145016
31.035343,-97.140385
29.996709000000003,-98.195081
31.308748,-96.314079
31.222918,-96.833305
30.936854,-96.940349
29.612195,-97.617793
38.265701,-92.409485
38.063266,-91.843684
38.32393,-91.230848
45.118237,-85.329788
30.038315,-96.858207
38.292143,-90.639838
37.436188,-91.8161
30.925335,-98.208483
38.237695,-85.964789
38.696249,-91.30544
39.788616,-84.526363
38.673654,-84.984961
45.549899,-85.355982
44.887635,-86.106143
39.461273,-85.966818
38.123875,-91.703268
45.052403000000005,-84.841629
30.942918,-97.657047
38.589744,-84.73163199999999
39.117126,-91.572039
45.616036,-86.75034699999999
37.490612,-92.201705
37.788138,-91.989479
46.79071,-100.770034
44.847151,-86.668199
38.308925,-91.577012
47.896214,-101.148959
35.186011,-99.169512
46.512985,-100.045716
37.968739,-91.972486
48.131002,-101.66512
45.603190000000005,-86.027412
38.447981,-92.083383
45.525203000000005,-86.076074
39.216741,-84.162768
47.094274,-101.36355
44.537675,-86.62303399999999
47.607067,-101.720454
38.305485,-84.303926
41.953063,-104.296483
30.073869,-83.130465
34.887259,-99.741643
34.21773,-98.128645
46.463625,-100.038787
47.525855,-100.970657
34.183741999999995,-98.094721
42.641556,-104.961137
34.301458000000004,-99.113442
34.816305,-98.054499
34.336594,-98.366344
35.636099,-99.812552
42.639424,-104.04065
47.346181,-101.49061
46.961025,-100.34891
41.9222,-105.235723
48.017097,-101.054507
41.76177,-104.152935
41.913325,-105.137269
30.013122,-83.39478000000001
30.539194,-82.666646
43.150023,-105.125811
42.276801,-95.911843
40.977626,-96.840625
41.246638,-95.882514
41.98446,-97.025436
41.82573,-96.173772
40.6524,-95.52967
41.222315,-96.6971
41.279237,-97.31847
34.304177,-82.952178
34.921311,-82.879941
33.130153,-82.81823399999999
34.507117,-81.315554
34.064634000000005,-82.555385
34.136273,-81.87649300000001
35.001507000000004,-82.26003399999999
34.611342,-81.625323
33.375886,-82.772423
33.206609,-81.49289300000001
33.344198,-82.74733
33.406114,-81.85813900000001
35.01748,-82.354831
33.616962,-82.509622
33.687469,-82.42684
34.158136,-82.37141700000001
39.061183,-81.163115
39.962352,-81.730173
42.208725,-74.049635
42.339527,-73.563004
40.740312,-72.581754
41.39362,-72.23165
41.035664,-73.379417
40.887247,-80.498858
41.525171,-73.62034399999999
42.02102,-74.731216
42.305035,-72.056275
42.06062,-73.765041
42.81454,-74.03594100000001
41.360240000000005,-72.904444
42.389188,-74.326336
41.374375,-74.071137
41.273563,-72.981542
40.987691,-81.602184
41.374934,-72.514395
42.464703,-73.060793
42.040289,-72.75357
41.292948,-73.39416999999999
41.399497,-73.330362
41.409829,-72.356675
42.577515000000005,-74.618448
42.278074,-73.657306
41.288461,-73.859022
42.112889,-74.14336
41.565622,-73.66106500000001
42.418562,-72.498537
42.178833,-73.895412
40.884856,-73.388254
40.55826,-79.933802
41.032803,-92.104709
41.145532,-92.542449
41.33192,-92.311702
40.964112,-91.524311
40.874847,-91.990604
40.540347,-90.962663
34.528962,-96.565588
39.693545,-78.594685
34.134298,-95.758939
40.840881,-92.020432
39.96292,-80.03583
41.395256,-80.055131
40.225117,-92.611539
40.054373,-79.34026300000001
41.208922,-78.81649399999999
40.814287,-79.086835
39.586679,-91.95981
40.750018,-92.027005
40.32384,-78.89858100000001
40.900215,-92.441448
40.069326,-80.540433
33.235731,-104.103492
32.212844,-103.681711
37.092267,-79.171126
40.627773,-79.172604
31.97213,-104.542286
31.790515000000003,-104.507956
37.125873,-78.610794
32.008516,-103.202773
40.145879,-79.478815
32.817457,-105.031603
40.654987,-80.33908000000001
39.105117,-80.51218100000001
35.843001,-80.078212
36.328401,-80.41244300000001
40.297416,-78.980374
31.862140000000004,-104.36808
40.916675,-79.04914000000001
39.209272,-79.453391
39.481471,-80.710311
40.259102,-80.359262
39.919336,-80.781413
40.004636,-79.92125300000001
40.298678,-89.729564
40.600096,-89.576626
39.260691,-79.368978
37.1698,-78.984359
39.707859,-80.584417
32.127812,-104.698392
40.864531,-79.657352
39.872061,-88.603305
37.108707,-78.649413
41.188591,-88.604605
41.168566,-88.656388
32.186409999999995,-104.314291
40.673531,-90.055675
31.894484,-103.630521
40.389661,-79.69586899999999
40.777232,-79.24407
39.939243,-80.092709
40.837081,-80.281161
36.853903,-79.248207
33.103590999999994,-104.068132
40.600429,-88.63899599999999
44.886755,-122.3418
41.310366,-89.449384
40.535815,-80.621781
38.907559,-79.095668
44.992904,-89.951075
40.178925,-80.39969
45.14278,-122.940471
44.021869,-89.60735799999999
44.78665,-89.695755
41.311964,-89.925449
44.561139,-89.569509
40.924794,-89.051076
39.135845,-79.398853
38.950434,-80.257724
45.06605,-122.814893
45.479046,-122.89965
39.712247,-77.370082
45.265593,-122.045844
38.816774,-77.148697
45.019889,-89.171339
43.605674,-89.758216
46.102963,-123.3777
44.988721000000005,-122.237063
38.659619,-76.42160600000001
43.49546,-88.220483
45.901061,-123.319642
36.654786,-77.96393499999999
45.262440000000005,-122.493458
39.571308,-75.749927
44.905339,-89.664664
37.377942,-79.077207
37.26503,-78.412371
39.575932,-75.74454
45.069316,-88.815242
39.468334000000006,-77.437989
36.948816,-78.840242
37.750639,-78.65854
38.847899,-76.625514
38.044191,-77.350847
38.545738,-76.730406
37.393805,-78.712713
36.49709,-77.877351
39.982595,-76.47235500000001
38.09695,-75.620805
38.569316,-76.445511
44.156689,-94.212331
45.917657,-94.36403
45.357337,-94.789537
44.92971,-93.895188
44.594603,-92.912222
44.905424,-92.975724
44.792842,-93.47498
45.870354,-92.940381
44.140062,-93.16693
45.410151,-93.372839
33.089968,-87.354732
33.258487,-87.189499
38.054349,-76.799112
38.557582,-76.779996
38.177726,-78.049438
38.804966,-76.15103
39.392155,-76.610457
39.567029,-77.383981
38.93981,-77.27709899999999
38.240532,-76.956992
34.06682,-87.60166
34.025040999999995,-86.385577
39.590675,-77.556824
33.433258,-87.58792
32.210633,-82.520945
33.963573,-87.201729
39.722283,-77.841824
33.806127000000004,-87.564435
39.518597,-77.22930699999999
33.538863,-87.589458
39.038925,-77.381086
31.563412,-81.31796899999999
30.743302000000003,-82.207894
32.496493,-81.924762
32.256611,-82.32900699999999
31.697198,-82.36919
31.525585,-82.653987
30.995236,-82.736977
33.972701,-87.628733
30.494858,-84.634049
37.280622,-84.962473
33.690317,-86.724839
33.661981,-87.22858199999999
30.461456,-85.399953
37.277657,-83.82593100000001
31.838486,-84.18060600000001
30.87066,-90.774857
37.799102000000005,-84.351236
37.307146,-85.32729
38.754189,-84.648841
33.613334,-86.495351
31.557547,-85.132531
33.403628999999995,-86.77646800000001
37.422352,-84.436766
37.650845,-84.899474
31.460254,-85.455712
38.913846,-83.83159599999999
42.413119,-73.73496999999999
31.600469,-84.291442
30.472632,-91.669169
31.380656,-83.860475
37.36752,-84.737439
33.061425,-86.80184
32.999596000000004,-85.959367
40.900099,-74.54215500000001
41.744075,-73.76485600000001
31.567842,-84.228081
29.666123,-90.172775
31.164215,-91.536516
31.403205,-91.077013
31.16251,-84.978604
34.149063,-87.536831
34.080275,-85.97547
41.073355,-75.089736
32.863271999999995,-87.435847
38.222233,-84.171104
33.399006,-86.657747
41.086854,-73.44138199999999
37.349376,-84.99032
30.856309000000003,-84.62562700000001
42.986073,-116.349024
41.793532,-73.942409
41.633971,-73.202737
42.232969,-73.14705
41.432986,-73.50419699999999
42.105808,-74.760566
41.120673,-74.98668599999999
41.255566,-73.838755
44.348195,-117.429783
42.39999,-73.87866700000001
42.244157,-73.789777
41.893202,-74.272708
34.886426,-89.28264899999999
43.978747,-117.380355
42.10967,-95.241023
43.416164,-116.139527
44.461929,-115.671761
42.262765,-95.382949
41.526578,-94.897249
34.664982,-89.203234
42.460555,-94.055387
42.001271,-94.895399
42.34765,-95.436201
43.257676,-93.905192
41.838767,-95.345335
42.773113,-94.546455
34.794461,-90.44335
32.637526,-83.836685
35.769989,-88.92833
32.636952,-83.23804200000001
34.307678,-89.457954
33.273222,-82.698699
34.743376,-90.338714
33.360471999999994,-84.02566999999999
33.166284000000005,-82.850316
42.516721,-95.038079
32.152823,-82.68418299999999
33.243766,-83.178324
36.178046,-89.647054
43.083499,-94.883918
42.22937,-95.327453
33.551444000000004,-83.31531
32.768611,-82.773752
33.007942,-82.98498000000001
40.149478,-74.885472
33.00925,-83.005565
32.348429,-82.261276
33.156624,-82.979507
39.601394,-73.01354
39.911373,-74.478696
40.318367,-74.390425
39.767952,-73.425789
30.189693,-95.045541
30.951794,-93.43013
31.722901,-93.754799
31.075855,-94.539088
30.821926,-94.872215
40.653786,-73.112853
40.914549,-73.21849499999999
40.030124,-74.72856800000001
39.965247,-73.402189
30.677115,-95.367869
30.517554,-94.149215
30.649553000000004,-94.414612
30.506838,-93.662267
30.448414,-95.177687
30.507772,-94.02331
31.290894,-93.681368
42.150975,-77.517808
42.818239,-77.26955500000001
43.102864,-77.87945500000001
42.873865,-77.494497
43.658206,-77.463145
43.075964,-77.135913
43.181079,-76.906749
42.121637,-78.29471600000001
40.191854,-94.892174
39.651394,-96.089124
40.55438,-94.911825
42.398491,-77.857168
40.750528,-95.970518
39.442517,-94.706316
42.921548,-77.87955
42.185869,-78.600713
40.707918,-95.284872
39.720961,-95.289419
39.835778000000005,-94.84017
40.744775,-94.669183
39.693672,-96.181072
40.80746,-95.912738
39.744929,-94.857133
40.866274,-94.242387
39.691374,-95.726813
39.853239,-96.207387
37.537964,-84.959098
37.586916,-86.07278000000001
38.417801,-86.534126
36.890336,-85.445796
38.378874,-86.458232
36.982117,-86.620108
34.788907,-118.258097
42.353304,-73.814537
33.96331,-118.912661
42.703154,-73.645821
41.446311,-73.981542
35.431109,-117.100512
37.165539,-86.851095
33.708271999999994,-118.106389
38.207278,-86.31347
35.093471,-117.334928
34.929289000000004,-117.407429
33.763984,-118.288594
41.838894,-72.888072
41.699276,-79.121394
41.281239,-72.940985
42.292709,-73.501754
42.795963,-74.216363
35.332824,-118.369189
41.321631,-73.10114200000001
42.263151,-78.595608
42.650337,-72.901629
34.117246,-117.145555
43.064857,-78.95769
42.457812,-74.256011
34.287735999999995,-117.297267
41.996012,-72.66404
35.525013,-117.359532
41.389282,-78.31223299999999
43.036551,-79.22558000000001
42.667923,-80.080061
41.757124,-79.905766
43.009815,-79.199053
42.235151,-79.319487
42.531011,-78.444906
42.967723,-79.707603
28.167018,-81.411815
27.945671,-81.375614
34.909326,-97.858599
36.167553000000005,-97.682358
35.600204,-97.061854
28.646025,-80.80958199999999
34.886983,-98.373714
31.61911,-90.997411
36.524317,-96.82184
33.160571000000004,-89.314908
34.761584,-98.315622
35.043195000000004,-97.20962
35.900846,-97.308735
33.1926,-89.908567
31.426241,-90.281855
36.379999,-97.934141
36.138233,-96.798634
33.028446,-90.258039
39.733064,-91.87243
42.971903000000005,-83.64549699999999
31.974365,-89.920354
42.455382,-82.862173
42.695675,-84.019773
33.163279,-89.454488
41.505957,-91.489182
41.626334,-75.512342
41.499752,-84.166871
32.205139,-90.731305
41.150118,-75.000364
41.145569,-75.704756
39.748629,-90.81943
41.541552,-91.292645
41.946847,-74.95278
40.551606,-91.420352
41.275619,-75.879368
41.459806,-91.543203
41.47287,-74.880759
41.802211,-75.655383
42.823043,-82.305778
42.516215,-83.93019699999999
40.862011,-90.144127
32.842035,-104.904134
42.503394,-83.72846700000001
41.504416,-83.294529
40.07549,-90.932026
42.762068,-82.64480400000001
42.370634,-75.887362
41.499391,-91.728548
41.370478000000006,-91.961113
41.419683,-91.67608
41.32555,-75.444386
34.314129,-105.531025
41.609997,-75.746714
41.212492,-91.620246
32.607518,-105.74693700000002
39.748842,-91.392595
42.347743,-75.748297
41.666739,-91.2961
41.81706,-82.617486
43.192062,-82.30609100000001
39.986709000000005,-91.218772
41.260631,-76.411501
41.804918,-82.308767
41.215542,-73.54521899999999
33.254866,-106.0639
32.984482,-105.124276
32.791126,-104.919269
34.062263,-106.413186
40.797655,-73.33613000000001
38.035715,-93.715329
39.199666,-93.167642
38.307229,-94.022198
41.422884,-73.466718
32.991018,-105.458003
39.464529,-94.608105
38.908889,-93.038175
33.290521000000005,-106.014594
41.45538,-72.762974
33.231494,-105.387103
41.148416,-72.937737
40.594429,-73.18288100000001
34.660323,-118.762018
34.648215,-118.36146200000002
41.252963,-73.819864
39.990252000000005,-72.609716
34.529426,-117.690785
37.239355,-109.079881
33.157616,-97.213484
33.692227,-118.47235
33.782994,-118.279099
33.330811,-118.714314
33.564088,-118.411544
32.477235,-97.481238
33.004383000000004,-96.482719
37.458851,-108.29787
32.074918,-97.041804
35.81365,-107.587304
33.916197,-118.405267
36.680654,-108.804646
33.712763,-96.823124
33.845292,-118.698142
34.908556,-118.700295
35.890994,-107.402644
36.165768,-109.189883
34.889895,-118.500866
32.548928000000004,-96.251987
41.208108,-83.522053
32.308707,-97.107111
32.531301,-96.064023
36.401327,-108.647255
36.178325,-107.35152
40.210694,-84.305769
31.966031,-97.02949
37.385572,-107.373744
31.773346000000004,-96.458826
32.91472,-97.668378
32.285544,-96.370911
40.327104,-84.80378
37.46916,-108.8658
40.168305,-85.273576
41.326363,-85.276208
40.183312,-84.443841
42.246051,-106.185083
40.337715,-84.817892
40.680443,-84.403823
40.754224,-84.634173
41.054614,-83.536152
40.48441,-105.536704
40.612081,-97.017175
39.610904,-97.718659
39.237628,-97.445436
40.201316,-97.259232
39.98512,-96.40848
40.569117,-96.234125
39.679602,-97.038867
39.697668,-97.355614
38.896016,-98.166538
40.562946,-97.480374
40.419003,-96.668234
40.714495,-97.675129
48.233035,-108.459859
48.929145,-109.001176
47.9042,-107.806609
48.047021,-107.757399
48.913372,-108.010935
47.971341,-108.081796
37.058973,-93.754921
36.064509,-94.480708
48.940103,-108.19705
43.627621000000005,-76.17359499999999
42.233875,-75.893686
48.574226,-107.826766
42.600568,-75.71318000000001
49.40878,-108.781002
49.608431,-108.785542
49.283838,-109.324832
36.607824,-94.031758
43.463172,-74.820065
48.125345,-108.009667
48.361366,-108.898699
48.421738,-108.259349
43.233719,-73.472497
30.625026,-91.706909
43.110937,-74.41978
41.904191,-73.50734399999999
43.062709000000005,-84.054539
42.402718,-75.750461
39.874088,-89.586067
43.273845,-75.76117099999999
43.324229,-73.301479
42.514009,-82.715714
30.648831,-90.905466
42.675619,-72.65088399999999
42.092163,-82.67805200000001
43.779972,-75.620207
36.278903,-93.794217
35.838851,-94.829584
42.978556,-83.069435
43.044154,-76.399776
43.187012,-76.089512
36.586861,-93.020896
41.867495,-74.981987
31.103591,-90.549573
29.413237,-90.257679
41.652454,-82.73679
41.418485,-83.50228299999999
40.323034,-87.99378
36.73723,-93.960864
43.797699,-75.95277
36.133037,-94.233414
43.111532,-83.625562
36.839099,-93.837949
43.526103000000006,-75.624736
31.213116,-89.87556
42.477086,-83.08977900000001
39.503655,-89.528858
43.099084000000005,-82.995236
43.09668,-72.925842
35.776015,-94.206152
42.660311,-76.351155
41.575146,-83.240749
39.602748,-87.804816
41.850861,-73.749741
43.174722,-83.33544
41.594601,-72.993004
41.670306,-73.99613599999999
40.012382,-89.326422
39.059264,-89.43233599999999
42.507146,-84.019802
29.452542,-90.925216
31.089718,-91.479471
42.142207,-73.060982
42.638099,-73.323273
30.799938,-90.903222
40.710113,-89.292238
40.009271000000005,-87.856606
40.594495,-88.902517
40.549337,-87.73003100000001
30.979727,-90.313108
31.319715,-98.454167
43.040195,-74.514274
41.48381,-74.455653
39.524357,-89.504846
39.980439,-89.224452
41.717181,-72.91399100000001
31.846131,-98.499447
40.763781,-87.97326
32.228257,-98.608272
31.40067,-98.903959
43.187862,-73.952314
42.762684,-73.491773
32.245776,-97.625541
31.462114,-99.425321
32.185759999999995,-97.467629
40.282833,-80.074178
32.084514,-99.557593
39.698527,-78.862622
33.701061,-97.516831
41.286922,-79.696166
33.271691,-97.344644
39.639832,-79.961841
33.150302,-97.857621
32.773920000000004,-97.801577
40.16684,-78.553622
41.065174,-79.353713
41.180135,-79.918536
32.817096,-96.441522
32.340867,-96.426617
39.629863,-79.309576
43.142218,-95.271979
33.731788,-96.956527
43.198536,-93.5925
31.327366,-80.96731199999999
33.060539,-96.882452
40.574216,-78.399454
42.43482,-94.09866
42.663504,-94.72486
42.105952,-93.943391
31.781767,-81.753613
40.18983,-79.982555
43.688634,-94.840344
30.655461,-82.152335
43.475815,-93.528854
43.923918,-93.449907
43.153613,-94.096664
42.998076,-94.802022
32.293957,-81.396651
42.081168,-94.540517
32.118931,-81.252988
31.233161,-81.222616
43.062934000000006,-94.974793
32.279849,-80.66596
31.003531,-80.97782600000001
42.534923,-94.288287
43.305787,-95.384359
43.671,-93.830297
35.589597999999995,-84.045684
35.474032,-84.635485
35.423928000000004,-84.891228
33.992163,-84.091418
35.308297,-85.843589
34.347223,-116.15864
32.660971,-115.611352
34.392720000000004,-85.87194699999999
35.019090000000006,-85.17868399999999
33.191719,-116.946022
33.567048,-115.702036
36.181852,-106.497718
34.985724,-82.762592
35.249298,-106.19265
34.854169,-81.676624
33.834866,-115.612255
33.806317,-116.992593
35.656627,-104.778826
36.526666,-104.864936
36.869406,-105.825118
34.015091,-82.220637
35.615616,-105.517696
33.831483,-115.819572
35.935144,-82.927175
34.33335,-117.51807
35.266116,-81.999324
35.110485,-81.136
35.205983,-82.237615
35.804269,-81.24658000000001
34.905905,-82.903604
34.189665999999995,-82.936157
36.807533,-106.651408
35.672329,-106.219095
34.730612,-82.966095
35.052178000000005,-81.245327
48.192149,-96.998591
46.961592,-97.504919
47.358852,-97.068948
47.019184,-96.292327
47.913246,-97.442415
47.184637,-97.741828
38.509956,-94.074463
33.95949,-111.664708
32.823267,-112.325111
46.559498,-95.866697
46.807366,-97.744501
47.952192,-97.171577
39.193684000000005,-93.873486
39.765945,-93.170819
47.432818,-97.666585
39.888304,-93.32464
39.097705,-94.79636
34.067865999999995,-112.125376
33.757627,-112.002044
40.08806,-93.079391
39.375428,-93.819125
33.090936,-112.39668
38.741744,-94.696218
39.626565,-93.75182
32.975568,-112.378563
33.147451000000004,-113.09476399999998
33.699068,-113.080882
38.610777,-93.052098
31.127137,-95.426375
40.126368,-93.688829
31.742125,-95.133336
32.914517,-111.336653
34.728331,-112.890271
40.832568,-72.635088
33.869178000000005,-111.49376
40.923037,-73.584108
40.075505,-93.371757
33.259509,-111.985701
40.873668,-73.756381
39.986908,-94.848004
34.299298,-111.481019
34.424236,-113.06184
31.621203,-94.697322
31.793523,-95.273698
31.634757,-94.317013
31.074232,-95.508486
39.191741,-93.640388
30.812155,-95.440475
33.019659000000004,-113.034338
30.189027000000003,-94.964469
31.701701,-86.09090400000001
30.563808,-94.551683
39.918143,-74.013398
41.346861,-73.811637
40.633124,-73.96888100000001
39.639818,-86.59019599999999
41.436488,-74.17256400000001
30.988497,-95.577106
31.019418,-95.234536
40.930538,-86.912325
41.174890000000005,-72.956586
30.296716,-86.622691
31.175112,-94.042457
39.910453,-86.66265
41.431904,-73.763269
31.025499,-94.723739
39.421318,-87.13356
39.464867,-87.30756600000001
39.454932,-86.339438
41.331453,-72.448539
30.480768,-85.730446
38.638158,-76.891253
35.574699,-98.030415
30.570928,-85.039695
40.229222,-87.98786700000001
30.803422,-85.85903
39.694045,-86.991816
31.209,-85.327329
40.58055,-86.873927
31.041522,-84.725226
39.680992,-77.140438
39.647335,-76.44804
30.831678000000004,-85.82209399999999
30.428075,-86.502788
39.378363,-87.937929
34.883390000000006,-98.826247
36.012828000000006,-99.028179
33.130158,-111.37532
34.832045,-97.823969
36.581621000000005,-99.625171
35.339040999999995,-99.171111
33.662636,-112.920904
33.202601,-111.195696
33.057623,-112.536252
38.255779,-77.560778
38.824366,-77.38639
33.129231,-112.211793
32.982192,-111.751157
39.740031,-77.947084
35.804867,-99.090651
34.352606,-111.924116
36.693012,-98.175199
34.919206,-98.250885
34.141904,-112.540038
39.181157,-76.813395
33.459193,-112.687258
32.617168,-111.651271
32.770502,-112.705486
33.919641,-111.911523
41.422004,-71.256567
43.062279,-72.09643100000001
41.294209,-71.15879100000001
42.194614,-71.983068
42.056592,-71.54888100000001
41.296312,-72.60903499999999
42.432409,-72.717232
41.367788,-70.777982
41.979828000000005,-72.197301
41.712849,-73.49960899999999
41.274971,-74.438062
38.170213,-89.91609100000001
38.353951,-96.742705
38.541845,-97.111516
48.287785,-121.80191299999998
48.429622,-123.129855
46.679249,-123.271805
46.827527,-123.007723
47.688948,-122.785322
40.410661,-73.17220999999999
42.185839,-74.193148
38.169668,-97.950581
40.858331,-74.43611999999999
37.135379,-96.667749
38.032263,-97.160459
38.297067,-89.064806
46.600376,-121.538207
47.14672,-122.930456
41.110526,-73.896709
40.970436,-73.687825
37.473839,-97.661561
37.497359,-96.755223
38.516969,-97.398698
41.247867,-91.185848
40.704079,-73.083505
37.732052,-97.750956
38.067697,-89.607457
37.194098,-88.279946
37.481834,-88.015398
41.543492,-90.355096
38.542762,-98.059882
37.932446,-98.517776
38.323166,-88.36568100000001
41.22777,-73.25121800000001
37.042183,-97.994084
40.151261,-90.52368
48.027705,-121.919191
40.912316,-73.912549
41.132628,-90.912569
37.596445,-97.436611
40.556955,-90.847148
48.375593,-122.83509
37.323917,-97.870548
37.415051,-96.860998
37.358152,-98.287486
41.026989,-92.058575
38.706515,-97.914621
36.848919,-88.333125
41.363648,-73.284992
37.967381,-97.062157
36.685633,-88.040722
37.838392,-97.48212
41.874421000000005,-71.38628299999999
42.727608,-71.228415
43.668113,-71.496759
42.305776,-72.83364
43.203852000000005,-71.07347
29.982676,-84.117848
43.358705,-72.26582900000001
43.768763,-71.448365
31.774078000000003,-85.21792099999999
31.870977000000003,-83.82990699999999
30.260173,-85.186814
30.716668,-83.632871
31.533545,-83.94094
43.601365,-72.52595600000001
41.9074,-81.720199
40.625263,-80.380619
31.269505,-84.18191
31.612332,-84.89478299999999
31.519359,-83.36009200000001
40.327874,-81.223166
40.805561,-80.87996700000001
41.150349,-81.25103
41.276546,-80.265867
42.54824,-88.077309
41.083861,-88.99254
41.887321,-87.62735
42.866578,-88.306232
41.63033,-72.74319799999999
41.529882,-87.42522
42.355274,-89.066448
34.887631,-97.895563
41.4162,-71.704669
35.736355,-97.429682
41.153156,-87.27213
40.630415,-71.45460899999999
36.828544,-98.196468
34.974667,-98.376583
40.657033,-71.755767
35.962964,-97.318437
40.867269,-72.246289
42.031068,-71.149497
42.221824,-72.389609
41.804981,-72.36041
41.016571,-72.95223399999999
42.454688,-72.521372
41.135367,-72.07678100000001
35.470197,-96.914445
41.103558,-72.116037
36.330949,-97.892333
41.068755,-72.6304
35.837809,-97.256968
41.164593,-71.254203
36.316656,-97.018802
40.294581,-75.822236
38.919345,-75.739715
39.968399,-75.08442600000001
40.264279,-74.07902800000001
43.16803,-76.43943399999999
40.1934,-74.763051
43.497458,-75.224414
39.618559000000005,-75.336649
38.945437,-75.65615799999999
39.696187,-75.426388
43.354502,-76.138001
38.981421000000005,-74.448369
40.261009,-74.58761700000001
40.598412,-73.863753
42.737673,-75.78643199999999
39.471252,-74.785794
44.450123,-90.636791
39.612612,-74.635901
43.153626,-90.564225
39.150117,-75.662025
42.766011,-91.103893
41.098085,-74.703641
43.187764,-91.224593
44.03126,-90.764532
40.336692,-74.608253
43.774875,-90.727092
44.49063,-89.744465
43.228994,-74.89981999999999
39.387983,-75.521919
42.079236,-112.961883
40.396376,-74.427199
39.374647,-74.240534
39.347848,-75.79978
44.44462,-90.759222
41.043482,-74.916847
44.13922,-90.771421
42.696423,-90.933113
41.724405,-111.508607
40.912411,-75.381242
43.539389,-90.296068
39.242203,-101.188528
39.374199,-75.709352
39.108767,-100.582626
42.490971,-112.759772
39.865905,-74.57854
42.549759,-91.253132
40.04203,-99.846143
40.470395,-100.031409
42.065971000000005,-113.202298
43.025469,-112.147995
41.475721,-111.446119
42.263597,-111.815526
43.157483,-111.417814
39.876692,-101.029183
40.185567,-99.583982
44.840338,-121.99807
45.093853,-121.612082
46.315385,-121.968384
45.632096,-122.305686
46.524104,-121.804767
44.384542,-95.989061
45.970483,-122.519803
45.087537,-95.220372
44.96682,-121.143767
43.799675,-95.658571
43.522922,-95.657665
45.088596,-95.520364
43.463203,-77.780079
45.002188,-94.409407
45.108681,-121.336001
43.468867,-94.295944
44.768283,-95.633459
44.02402,-76.926858
43.566439,-76.176632
44.259890000000006,-95.32295
43.859618,-94.555931
43.214295,-77.14636899999999
41.105156,-93.100314
44.903642,-95.785681
32.946791999999995,-101.999889
42.814065,-91.685795
33.601008,-102.476514
33.965196,-100.631098
41.199018,-91.862748
41.150687,-93.258119
34.363187,-100.772046
33.53392,-101.030609
34.621382000000004,-100.550732
33.894833,-101.576969
33.139140000000005,-101.925095
42.319456,-93.064189
33.101324,-101.641677
33.972438000000004,-102.331619
32.965222,-101.505162
33.705208,-100.840738
39.547804,-89.639211
44.385482,-83.694248
44.673034,-83.79041099999999
45.802949,-85.301461
46.215658000000005,-84.378157
40.255971,-89.476451
38.844694,-88.953632
45.065189,-84.683988
40.311117,-87.995756
45.839548,-83.91229
39.249456,-89.353877
38.820348,-86.19369
38.969785,-85.97324
40.05506,-89.646452
39.657467,-88.13605
38.150576,-85.721508
38.370982,-85.762132
37.592704,-85.25116700000001
45.034341,-84.635812
37.144762,-85.256488
39.512316,-87.990811
38.131973,-86.926826
37.130048,-87.12688100000001
37.38525,-86.506171
37.64114,-86.863674
37.903138,-86.582598
38.07356,-86.90128100000001
39.006783,-79.036502
37.709907,-79.173907
37.764211,-77.80959
39.01111,-77.90419
39.238315,-77.433677
39.350105,-78.527201
38.611908,-78.429325
39.106353000000006,-77.712448
38.833682,-77.32585
39.466724,-78.197505
38.071382,-78.690313
39.068494,-79.249052
38.071099,-82.621626
41.362755,-85.347782
41.355379,-85.273072
41.093506,-84.84890899999999
41.238119,-85.243372
38.740308,-81.752299
37.020649,-82.85431899999999
38.616655,-82.160448
37.426532,-81.923358
40.955928,-85.627282
41.502164,-84.413048
42.044567,-80.48099599999999
37.435699,-81.813763
40.486716,-86.246329
40.279403,-84.722341
40.991696000000005,-80.492104
41.409237,-81.072455
40.366438,-86.213952
42.005098,-80.485252
42.297246,-79.425116
38.580916,-81.725325
40.7932,-80.433995
40.917701,-80.014586
41.420042,-79.652445
41.122993,-79.556792
41.415146,-73.742692
42.107312,-80.240278
47.978198,-117.265082
41.507816,-72.997129
48.601017,-117.718227
40.717936,-80.983903
40.406648,-73.400131
48.623951,-116.178892
48.485288,-116.089142
40.852794,-80.77770600000001
40.844562,-73.625922
40.660857,-79.879354
40.86562,-79.909134
42.354109,-80.66788299999999
47.667726,-116.05418799999998
47.634533000000005,-116.936717
41.543267,-80.718655
48.472635,-117.486623
41.22478,-80.232754
41.148534000000005,-79.691913
41.204635,-73.458772
48.697945,-117.310733
40.9156,-74.381689
40.649849,-74.30006800000001
40.202146,-73.10199399999999
40.124429,-73.783699
47.538401,-116.523594
42.717899,-83.59520699999999
41.577654,-82.017011
41.444684,-82.303303
43.357881,-83.618314
33.424904,-96.615954
42.426687,-82.523542
42.152715,-82.733987
34.449544,-95.578273
34.445072,-95.995012
41.693109,-83.80810600000001
35.186202,-96.2768
35.139036,-96.139151
33.420656,-96.724637
33.505052,-96.859338
34.27366,-96.378806
42.48526,-72.033118
44.449012,-72.03958
43.167136,-70.638553
44.097232,-71.49271
44.392015,-72.210347
39.545828,-77.599602
43.247075,-72.466348
45.519346,-121.78303
42.596517,-72.334389
45.402624,-122.059475
43.810074,-70.95586999999999
44.758049,-122.036989
45.666729,-123.072503
42.851048,-72.418639
37.865667,-77.066474
37.988316,-77.51156999999999
43.161142,-70.592019
44.053895,-122.58068
44.293648,-88.381055
45.330009,-122.81173
35.154331,-90.058635
44.207367,-123.323132
36.054178,-89.876525
44.041306,-88.597082
39.341472,-76.36628
34.182604,-90.03126999999999
44.045311,-86.97641
44.241096,-122.859117
44.053799,-122.165058
34.580081,-89.41942
35.884399,-88.797699
44.639425,-87.734762
43.922252,-122.782957
45.002462,-122.696088
38.748056,-76.53502399999999
43.25638,-71.81695500000001
39.276534000000005,-76.52540400000001
39.322491,-76.622225
45.443201,-87.620535
44.074088,-87.453334
44.380561,-87.37544799999999
45.066875,-122.075501
34.890668,-89.089689
34.890666,-89.834959
42.707602,-72.442872
43.808276,-87.802667
32.038761,-90.00209699999999
33.273593,-90.503484
45.411021000000005,-85.93476899999999
45.878937,-86.324872
35.353286,-89.585822
43.620158,-87.463476
34.741318,-89.298694
31.550991,-90.159198
35.329674,-90.068027
33.060111,-89.410945
44.092973,-86.164902
33.377561,-89.302362
45.617354,-85.523258
31.466231,-90.405622
44.299426,-86.039575
45.790067,-85.96025
35.4228,-90.12288
44.9374,-85.991028
34.49834,-88.708163
45.451729,-85.966786
32.742388,-90.008881
44.738191,-84.83429699999999
31.86356,-90.549876
32.446514,-89.549635
32.718208000000004,-89.585089
45.274574,-84.74460400000001
32.941759000000005,-90.217046
44.572311,-85.497975
44.691064,-84.612845
44.241425,-85.63477900000001
43.925165,-85.288768
36.863742,-94.21434
36.784251,-77.812359
36.418006,-78.14205
37.35346,-76.89611
35.915237,-93.46316
37.752562,-78.443794
37.218067,-94.169715
35.45674,-94.451817
36.325663,-94.115099
35.530401,-95.065806
37.112335,-94.237607
56.214113,-133.261105
37.374956,-95.016666
36.67066,-94.352258
56.134886,-132.392044
37.961216,-78.291452
54.801713,-133.669108
38.132876,-77.770113
54.605711,-133.23598
55.24043399999999,-133.48808300000002
56.117578,-133.50481499999998
36.836519,-77.71658199999999
54.942725,-132.236891
55.480308,-133.312477
55.518149,-134.01771100000002
54.539825,-132.377864
37.192427,-93.791148
55.853802,-132.400924
55.408278,-132.321002
56.034742,-132.408328
55.167017,-133.772629
34.698064,-118.151516
48.173571,-118.479952
33.92808,-118.771782
34.03968,-118.160172
49.579889,-118.25379
48.00633,-117.724112
34.489953,-119.031236
33.951918,-118.759126
40.427047,-81.65901600000001
39.034393,-81.417548
48.587491,-118.578816
33.440779,-118.929947
49.533242,-117.87987
38.703043,-76.325305
33.778195000000004,-118.849826
34.965841,-118.066656
37.429174,-77.079914
39.031834,-76.322416
49.161488,-119.109765
48.342876,-118.35081
40.949867,-80.938135
34.036573,-117.60762
38.888451,-75.820993
39.042840000000005,-75.641607
40.613371,-81.31443
39.285909,-81.673714
38.586695,-74.728661
39.684015,-81.623829
38.54937,-76.45039399999999
37.200888,-76.142348
39.620091,-81.914436
40.028547,-81.831648
40.05307,-80.822411
38.256588,-75.75484499999999
38.355806,-75.585197
39.13715,-76.29579
40.8023,-87.77994100000001
38.072832,-76.121749
38.213847,-76.416574
40.564654,-81.708551
40.778873,-88.641802
38.211656,-75.739204
40.000226,-86.780113
41.219249,-86.831122
37.747006,-75.346749
37.102138,-75.77995
39.386543,-87.650837
39.924457,-88.538191
37.963851,-74.750682
38.262403000000006,-75.073913
41.00022,-87.02685
40.997988,-123.783151
37.939024,-84.19396400000001
41.067689,-124.228124
40.371757,-123.984049
33.520087,-89.52979
32.761125,-90.121092
29.390541,-81.089178
39.750323,-124.500726
33.421322,-90.057496
40.930751,-123.480635
33.842943,-90.66632
28.867185,-81.643027
32.983959000000006,-89.874034
39.686171,-123.541453
32.80962,-90.521335
33.963288,-91.257788
39.674539,-124.877603
41.302890000000005,-123.071834
33.251669,-91.378583
37.829721,-83.78246700000001
34.240136,-91.063821
33.559543,-90.727481
40.850867,-123.28486399999998
27.955886,-80.79095799999999
28.460745000000003,-81.369518
32.814743,-90.185711
39.259032,-83.94770799999999
28.193086,-81.135456
40.237194,-123.676706
29.290969,-79.947775
33.174693,-90.124627
38.061033,-83.31994300000001
38.362509,-82.961138
32.937603,-91.503984
39.927532,-124.069815
27.635211,-79.81970600000001
39.512842,-123.367496
40.040928,-124.414258
39.9323,-124.521184
28.563715,-80.885251
29.137931,-81.641363
40.629841,-124.076891
29.463944,-81.291653
39.217949,-122.002342
38.596368,-123.141124
39.050171,-122.692423
39.873689,-122.26241
40.865108,-92.348375
40.494765,-78.393146
41.330365,-92.552851
39.91141,-122.528368
38.729526,-122.571755
41.161857,-91.852154
38.674714,-123.544141
41.417984,-92.240716
40.863403000000005,-92.201559
40.094289,-91.461019
38.10709,-121.933423
39.721476,-122.611438
40.74246,-92.531863
39.139593,-122.688798
40.517061,-92.793208
40.692369,-78.214276
40.164139,-91.44729
39.868656,-123.337295
38.552146,-122.519483
39.25188,-122.490946
40.671072,-78.694978
35.36238,-96.727226
40.872756,-78.418138
40.645431,-92.476175
41.341283,-78.148225
35.608164,-97.960048
36.350925,-98.064198
41.088842,-92.742432
40.474432,-77.93672099999999
36.419555,-98.121448
40.368314,-92.514904
40.438814,-91.177613
35.306471,-97.40572
36.260217,-97.095572
35.165522,-96.619586
36.568076,-97.975869
41.534011,-78.56051
39.945376,-91.126089
35.420831,-98.207166
36.509993,-98.234417
41.423061,-89.880625
36.209032,-97.251376
42.471876,-89.696683
44.947379,-70.018025
44.122173,-69.422064
35.330601,-97.054923
43.377701,-69.283263
44.876462,-71.02125799999999
35.953568,-97.58238
32.769656,-93.415834
41.64844,-90.637185
33.783599,-93.359635
32.988521,-93.042421
41.068658,-90.696409
44.235248,-70.460132
44.841518,-70.023187
43.428598,-69.752895
42.620528,-90.773483
33.359804,-92.974237
33.846656,-93.72454
32.843962,-91.853305
40.039461,-73.150942
33.094837,-92.89414
41.763902,-74.740054
40.59868,-73.301794
32.83108,-93.199649
40.590142,-74.666428
34.300665,-92.419792
41.598438,-72.982478
40.408171,-74.586272
34.228731,-93.199492
41.741763,-74.818218
40.054711,-73.878917
39.923508,-79.920082
40.577674,-74.907917
39.835289,-81.103024
40.561211,-79.681402
41.315805,-73.064565
39.653302,-79.81647199999999
40.889993,-80.089213
40.073253,-74.063548
40.371957,-80.52050799999999
41.228507,-73.558441
40.843626,-80.706604
39.874947,-79.92155699999999
39.437397,-81.073268
39.90995,-79.489081
41.057813,-79.664898
40.451613,-79.438631
39.554361,-80.37955799999999
39.159426,-80.605666
39.788872,-80.165622
39.594265,-79.766653
40.736297,-79.220611
39.674765,-80.29929
39.270964,-80.37176600000001
40.754469,-80.878766
41.424378,-80.12758000000001
39.319253,-76.39384
38.406167,-76.850227
39.434586,-77.83913000000001
39.524672,-76.395946
38.870956,-76.05812
39.05887,-76.798061
38.994232,-76.757242
39.201096,-77.301276
39.934793,-77.653351
38.273559000000006,-77.26272800000001
48.597303,-113.447021
47.456575,-112.867601
48.391178,-111.997173
48.548617,-113.546774
47.824072,-112.11029
48.427186,-112.40139
47.526202000000005,-113.643313
48.272348,-112.328075
34.894571,-89.177137
34.138515000000005,-90.187114
49.173669,-112.698767
48.913048,-113.214921
47.911219,-113.691603
34.526886,-88.97534399999999
34.610104,-89.27589
35.112482,-90.417066
34.573471000000005,-89.911011
34.091227,-90.390612
34.628434000000006,-90.28478
34.746063,-90.401093
33.771462,-90.651342
