,amt
1685,24.84
1767,780.52
1781,620.33
1784,1077.69
1857,842.65
1891,22.55
1906,1128.26
1956,931.82
1968,983.0
2026,955.16
2039,701.81
2173,8.39
2195,326.94
2258,353.08
2467,868.48
2495,13.25
2506,777.45
2650,967.86
5669,825.81
5757,21.92
5940,21.74
6023,250.32
10036,315.45
10047,279.78
10167,287.38
10193,276.4
10206,7.82
11666,790.54
11669,723.23
11702,46.36
11710,996.31
11770,902.3
11780,741.77
11789,900.77
11799,1047.3
11831,737.99
11842,49.18
13345,1046.97
13741,850.82
13806,976.48
13876,4.64
13897,95.52
14043,297.2
14064,315.72
14386,8.32
14678,309.04
15411,219.46
16050,749.59
16078,1129.53
16155,844.29
16196,949.88
16229,935.06
16231,1025.61
16326,18.25
16365,11.82
16442,764.71
16575,294.78
17711,917.11
18142,667.17
18458,9.99
18487,135.82
18509,614.72
18534,996.41
18537,895.25
18572,1134.41
18885,314.28
19034,319.53
19392,241.45
21721,1159.89
21747,1051.14
21937,1142.66
21953,777.75
22015,1197.26
22087,307.26
22236,969.7
22256,314.73
22353,347.63
22379,342.87
22427,291.15
22547,326.49
23015,1071.19
23216,344.74
24869,443.97
25792,854.92
25893,342.36
25921,320.36
25997,21.88
26013,8.85
26055,888.56
26088,20.53
26098,878.42
26139,22.91
26160,1004.99
26161,793.07
26163,1013.85
26194,9.78
26219,302.75
26231,18.82
26239,315.39
26363,1020.48
26379,795.07
26397,829.4
26446,319.23
26466,8.06
26477,772.65
26519,353.35
26567,348.48
26586,320.73
26602,826.27
26607,483.28
26615,1071.12
26633,307.33
26673,347.88
26696,520.02
26780,8.13
26825,778.42
27436,989.92
27783,1143.96
28628,19.68
29120,50.07
29593,1123.95
29664,830.06
29716,23.36
29765,18.85
29795,18.4
29859,993.55
29894,970.38
29895,809.53
29896,917.97
29912,277.68
30007,359.26
30010,727.32
30019,284.94
30289,1001.99
31084,232.25
31806,17.71
32204,132.33
33880,9.03
33975,286.73
34001,278.04
34093,6.99
34114,262.49
34665,305.34
36033,6.67
36057,1115.94
36082,693.71
36108,10.32
36126,991.33
36135,912.89
36143,11.83
36149,1061.91
36187,840.53
36329,291.0
36334,685.26
36461,352.15
36476,627.43
36571,572.32
37051,349.74
38397,874.99
38527,709.43
38530,7.6
38598,343.75
38714,875.02
38779,338.47
38903,136.93
38962,13.13
39009,115.28
39021,520.74
40837,252.48
41719,21.11
41762,51.79
41808,19.44
41887,17.05
41925,17.0
41948,19.05
42139,315.89
42180,794.77
42194,576.52
42208,881.1
42415,15.85
42422,341.91
42505,23.11
42537,10.84
42550,835.42
45204,913.39
45810,23.1
45851,249.28
45888,217.73
45927,887.24
46031,198.97
46152,259.8
46303,274.81
46448,312.58
46621,299.28
46652,346.42
47434,1041.39
48140,7.9
48991,892.88
49834,1008.78
50228,331.18
50266,309.7
50722,288.84
50801,279.11
51722,915.47
51726,1083.38
51736,913.98
51781,7.97
51809,667.98
51849,1002.25
51879,10.77
51948,7.11
52029,311.42
53502,952.8
53893,999.59
54045,279.28
55462,732.17
55997,837.54
56269,333.89
56279,19.05
56317,149.42
56343,51.07
56359,951.91
56406,8.41
56435,17.77
56494,347.28
56543,378.56
56556,309.97
56608,1129.96
56687,8.96
56690,369.18
56694,629.85
56699,19.92
56712,748.43
56745,730.65
58564,979.0
58565,8.08
58582,278.9
58596,1133.22
58668,741.45
58707,1166.0
58731,953.63
58743,123.61
58744,1037.75
58772,882.13
58942,304.0
58974,814.9
58990,278.32
59081,5.62
59141,306.32
59231,296.17
59521,8.88
60228,959.71
60587,730.44
60747,1100.78
61863,1045.16
61951,985.9
61958,1112.33
62003,906.83
62042,915.25
62064,852.76
62070,102.42
62129,1111.35
62135,965.25
62150,260.44
62154,1031.9
62363,6.39
62515,536.63
64637,9.0
65853,824.17
65904,984.39
65920,18.35
66096,626.99
66141,139.84
66193,10.19
66428,10.04
69793,23.04
69850,967.23
69858,930.27
70197,10.13
71440,932.64
71725,954.08
76277,295.91
76377,335.98
76545,1097.18
77563,110.12
77911,275.16
78185,21.38
78315,828.22
78329,958.05
78331,988.18
78379,822.11
78434,1133.57
78505,742.91
78603,9.41
78682,332.91
78683,353.79
78804,316.6
78846,306.87
78851,11.61
78873,1114.79
78966,306.75
79083,276.43
79834,981.45
80749,1022.5
81469,218.12
81647,779.4
81662,1040.83
81684,857.24
81697,795.09
81702,20.43
81715,503.53
81731,890.68
81736,694.13
81752,254.25
81757,18.86
81775,1000.47
81833,23.34
81835,22.66
81839,304.55
81861,843.65
81872,17.41
81909,723.15
81937,16.5
81960,1036.64
81979,1068.32
81992,707.11
82009,967.39
82020,325.81
82124,7.28
82125,7.41
82203,340.67
82387,302.77
82388,8.39
84649,790.22
85650,768.27
85656,317.09
85669,1152.49
85670,920.6
85686,19.19
85691,304.85
85700,866.99
85715,981.64
85764,9.09
85779,1055.28
85854,316.07
85863,995.02
85879,960.91
85897,21.48
85908,888.45
85967,1076.88
86000,274.01
86102,7.09
86124,118.54
86150,758.2
86261,694.91
86283,952.53
86348,10.86
86373,310.49
88338,979.57
89628,306.85
89644,17.79
89757,293.98
89772,22.02
89798,262.82
89849,230.51
89926,784.55
89934,271.38
89939,547.99
90006,789.86
90012,12.4
90114,9.31
90132,8.81
90156,8.2
90175,7.65
90178,314.36
90406,353.17
91393,258.3
91637,897.8
91664,993.91
91705,132.1
91711,1078.15
91774,18.71
91852,21.45
91979,304.03
92597,17.26
93626,716.45
93670,49.79
93728,1042.2
93751,750.68
93774,865.11
93776,943.97
94056,312.81
94160,308.05
96065,1080.78
96146,16.91
96153,52.89
96226,13.51
98257,974.65
98421,794.73
98451,782.49
98542,343.03
98912,301.59
100774,107.32
101578,1049.73
101608,959.52
101614,119.77
101635,1069.53
101689,274.23
101739,19.0
101773,896.46
101783,299.97
101786,650.86
101821,325.67
101988,280.58
102606,371.84
105325,5.26
105468,557.46
105539,995.0
105671,951.91
105811,1141.38
105983,269.01
106092,20.09
106099,320.74
106121,308.66
106588,330.12
109452,768.37
109499,789.41
109514,1041.01
109575,337.94
109706,1106.41
111579,11.21
111635,7.84
111666,291.8
112251,296.34
112806,19.02
113411,1051.96
113423,9.25
113452,309.43
113491,853.47
113541,1153.43
113580,975.25
113606,1130.56
113676,283.96
113702,285.44
113754,310.79
113846,302.23
113889,7.0
114560,780.45
115753,914.18
115796,774.14
115798,955.39
115852,720.24
115880,990.7
115884,931.63
116112,287.69
118000,975.35
118079,982.99
118128,710.75
118168,941.23
118212,1034.33
118262,934.89
118271,957.05
118300,920.68
118492,359.67
118522,805.5
118526,348.61
121034,596.85
121313,275.75
121318,1021.04
121382,19.63
121416,241.34
121451,17.29
121471,135.12
121552,850.64
121572,760.17
121745,298.35
121750,354.63
121752,989.83
121773,684.27
121836,5.6
121860,532.58
121880,684.31
121888,337.71
121895,772.78
121955,319.08
121975,987.01
121988,906.2
122036,301.61
122072,332.09
122149,9.69
122750,308.32
122886,343.05
123376,790.4
124735,969.07
125397,1113.4
125489,1037.21
125496,8.77
125527,292.85
125530,19.79
125550,7.12
125586,272.17
125628,19.33
125646,18.29
125853,9.29
125868,9.92
125872,576.18
125901,347.5
125915,12.27
125930,274.36
126100,9.5
126146,9.65
126155,825.63
126229,339.09
126233,322.27
128477,792.98
129229,758.6
129233,330.62
129238,918.58
129296,916.74
129306,742.86
129344,22.04
129480,891.63
129504,127.66
129700,7.99
129756,292.51
130108,321.55
130218,296.79
131183,1117.83
131235,855.28
131272,723.97
131361,1010.08
131376,821.28
131434,366.56
131478,615.95
131487,1116.06
131535,122.03
131562,320.13
131567,709.07
131610,7.45
131866,530.09
133024,124.27
133268,935.6
133275,969.54
133300,1267.18
133310,52.45
133415,18.83
133465,1051.86
133471,332.71
133485,714.17
133518,21.44
133583,304.69
133590,896.5
133594,13.62
133599,10.97
133629,131.09
133660,13.63
133665,362.44
133672,814.59
133679,844.57
133681,329.02
133686,695.52
133691,16.19
133756,850.9
133781,778.4
133943,18.5
134048,10.87
134348,138.22
134726,52.82
135054,17.4
135278,18.86
135478,21.16
135551,21.22
135555,20.96
135604,1171.12
135610,1043.4
135622,10.46
135654,20.9
135676,7.8
135723,815.62
135726,498.78
135733,1079.08
135742,127.17
135761,22.62
135773,20.84
135787,333.49
135808,228.94
135840,8.3
135849,9.46
135973,1107.33
135977,8.22
135983,882.83
135993,358.55
135994,1051.31
135996,11.6
136025,819.05
136032,762.62
136086,766.03
136102,954.19
136114,364.36
136138,327.12
136481,284.14
137758,20.67
137935,10.45
137946,21.7
137951,877.38
137964,931.91
137984,290.4
137986,471.23
137994,10.62
138063,19.92
138072,510.36
138152,22.93
138172,18.74
138234,7.3
138357,7.38
138440,309.21
138539,327.62
138644,305.37
141467,21.55
141558,20.36
141587,897.98
141602,1109.56
141633,280.74
141703,935.97
141890,862.53
142143,11.17
142661,876.32
144024,229.83
145304,21.69
145308,20.71
145575,97.93
145655,18.31
145706,838.98
145731,313.0
145808,262.6
145955,828.34
146034,1024.17
146158,331.19
146170,315.01
146491,812.95
147273,927.37
149101,1125.06
149124,976.39
149190,9.12
149204,736.46
149260,873.99
149290,1042.58
149298,1046.78
149303,1024.84
149310,774.1
149414,590.22
149418,1185.77
149426,799.56
149479,909.85
149576,288.8
149591,21.36
149596,289.76
149668,302.2
149691,330.19
149744,913.68
149745,303.46
149759,314.26
151221,340.63
151230,1032.31
151253,1035.66
151261,19.31
151294,796.22
151306,950.19
151308,840.13
151313,822.29
151364,966.04
151376,1025.76
151391,821.13
151501,811.62
151527,1003.86
151528,319.57
152374,889.94
152435,498.01
153066,22.55
153228,225.89
153255,18.26
153285,845.81
153290,17.89
153319,20.28
153337,320.49
153346,785.68
153354,19.55
153430,811.26
153554,866.33
153648,939.78
154719,21.42
155506,252.92
155665,21.78
155849,1319.97
157725,15.99
157874,9.82
158061,345.96
158072,1000.46
158127,1019.77
158285,12.78
159549,279.58
161507,342.38
161525,909.88
164771,220.35
164842,555.79
164859,20.64
165199,371.82
165207,1017.67
165590,645.41
167837,464.3
167875,10.23
167913,874.71
168603,24.06
168609,470.35
168672,23.06
168825,859.32
168842,22.75
170770,758.01
170822,1057.1
170960,314.66
171009,334.1
171129,1009.75
171134,341.31
171701,347.19
171881,49.47
171976,20.97
172524,923.35
172543,24.16
172831,1046.28
172857,970.97
172868,136.55
172917,1039.88
172967,963.37
172968,956.23
172986,49.25
172989,22.43
173022,260.26
173105,337.13
173134,721.52
173306,22.4
173606,832.92
173612,336.94
174773,269.53
175150,379.3
175192,992.81
175260,1033.25
175284,16.69
175318,549.93
175344,16.52
175434,7.86
175454,318.03
175472,335.75
177425,996.21
177464,810.84
177567,299.83
177611,760.8
177640,119.72
177799,323.12
178388,1054.16
179846,922.33
180527,1029.06
180683,1060.69
180711,785.58
180729,814.44
180799,461.33
180874,812.66
180884,881.81
180908,418.14
180938,973.03
180944,875.2
181051,293.51
181115,341.76
181182,23.27
181348,289.76
181415,302.55
181509,17.8
183979,802.1
184565,664.85
184612,1076.63
184715,675.79
184748,580.52
184762,748.26
184773,3.15
184899,839.65
184904,787.07
184940,21.37
184954,53.26
185049,339.6
185064,14.31
185072,1028.41
185123,336.64
185168,320.09
185200,764.01
185205,315.83
185216,289.38
185234,735.07
185348,304.82
185387,746.6
186741,981.48
187315,867.23
188369,10.71
188430,20.93
188453,938.71
188475,776.33
188487,965.6
188504,277.07
188526,790.95
188543,113.15
188601,474.73
188602,108.56
188611,314.02
188648,347.05
188663,976.1
188736,854.79
188814,312.74
188846,304.81
188862,754.99
188911,834.55
189234,305.1
189240,662.94
189523,305.28
189565,781.31
189658,1104.35
190458,935.55
190468,984.45
190512,864.74
190529,557.62
190583,18.42
190587,998.47
190670,11.0
190676,293.25
190806,306.41
190819,8.91
190829,283.33
190876,278.02
191404,286.88
191445,949.25
192352,312.19
192439,892.48
192464,656.66
192525,20.91
192564,892.22
192569,938.12
192570,1013.3
192582,246.3
192590,126.48
192597,726.12
192598,1060.3
192610,312.87
192734,853.55
192854,892.53
192999,262.36
194117,947.54
194209,9.89
194858,19.17
194922,21.06
194930,1107.04
194943,1009.0
194946,937.29
197574,328.89
197591,284.36
199625,1031.42
200268,1169.13
200283,19.13
200412,893.61
200745,280.72
204438,832.2
204528,1183.42
204641,25.43
204693,796.45
204807,872.36
205370,289.49
205865,7.99
206067,312.52
206608,920.01
207509,970.72
207923,1060.43
208262,755.75
208296,989.45
208298,1077.25
208303,1159.44
208454,912.95
208602,298.22
208615,321.06
208978,308.53
209869,413.84
209895,1098.59
209899,789.22
209928,691.48
209951,886.43
209992,718.27
210230,319.8
211588,725.34
211624,1236.28
211707,902.66
211725,422.31
211731,1050.25
211823,739.85
211844,13.6
211899,10.69
211913,336.46
211946,9.05
211977,19.47
212009,332.59
212163,326.12
212212,111.17
213070,969.74
213322,912.51
213485,868.91
213498,942.7
213499,1186.21
213509,1016.98
213577,925.38
213620,677.77
213641,364.21
213669,1113.85
213745,971.34
213814,323.22
213851,565.42
213855,337.99
213879,244.56
213882,277.3
213887,859.07
214610,257.34
215365,10.51
215400,269.12
215405,20.77
215436,129.72
215450,17.88
215455,1044.98
215462,953.66
215492,825.32
215500,19.01
215522,1168.61
215528,881.37
215536,953.66
215538,422.28
215557,1050.65
215571,792.99
215776,429.9
215843,1074.89
215900,795.99
215909,1028.83
216330,8.44
216395,845.29
217750,279.9
218014,142.55
218022,18.52
218061,493.98
218091,18.42
218136,10.18
218302,258.85
218326,940.42
218470,16.5
218498,334.45
218538,954.32
218647,362.27
220616,992.81
220933,502.17
221271,788.07
221309,394.82
221343,703.63
221417,839.55
221429,974.1
221520,1023.35
221560,304.14
221629,363.98
221700,586.09
221850,15.83
221854,281.61
221903,304.59
221912,338.13
223930,990.61
224153,577.16
224253,7.74
224257,936.85
224279,321.51
224287,715.07
224319,351.27
224381,676.8
224383,293.4
224536,1092.32
224548,872.35
224615,315.66
225618,932.86
225872,918.36
225904,315.06
225951,1006.38
225963,1002.31
225984,857.51
226013,1102.11
226149,801.71
226226,11.7
226242,869.31
227636,1012.71
227707,788.01
227708,1067.46
227742,965.21
227811,1007.85
227823,957.83
227886,13.32
227930,314.62
228030,292.41
228067,803.68
228148,312.41
229460,1144.18
229655,237.39
229995,302.22
231526,964.3
231616,1062.27
231836,9.71
232024,298.32
233400,738.31
233703,985.98
234236,949.4
234288,8.49
234314,710.45
234326,48.95
234401,961.84
234446,995.71
234478,344.55
234488,805.55
234495,935.6
234563,312.69
234617,19.23
236148,918.25
236567,1.99
236700,904.82
237208,990.11
237592,305.08
237627,1050.34
237664,914.68
237667,928.08
237784,294.39
238491,886.04
240652,1039.27
240694,968.38
240721,829.02
240868,989.35
240891,281.59
240912,1071.14
240921,7.88
241078,833.88
241079,871.31
241342,277.62
241370,280.98
241720,854.39
242018,1012.65
242115,969.19
242194,732.99
242213,278.34
242388,362.88
242414,599.01
242415,911.2
242442,881.86
242448,357.86
242577,257.23
242587,346.12
242771,326.32
243321,896.61
243919,898.89
243924,750.26
243935,21.78
243950,1038.25
243966,949.38
243997,963.73
244011,824.28
244170,303.68
244738,296.0
245274,1008.51
245836,1180.79
245857,841.89
245890,729.49
245895,980.65
248661,879.72
250394,19.64
250690,7.98
250930,307.55
251279,772.07
251581,853.68
253587,503.49
253809,337.39
253829,9.04
253900,292.54
253916,245.89
255297,1117.27
256284,774.22
256535,995.97
256612,1062.66
256626,467.84
256631,828.4
256714,1113.08
256862,360.71
256873,9.34
256888,740.62
256926,311.85
256937,285.38
257242,11.19
257280,12.54
257810,21.29
257885,7.23
258083,1057.35
258088,737.94
258100,1090.31
258142,258.37
258150,19.81
258178,966.79
258185,18.68
258200,852.95
258234,1083.04
258237,820.97
258241,991.0
258249,808.71
258250,301.37
258299,1004.38
258307,809.83
258413,275.59
258431,726.23
258453,340.71
258455,304.17
258990,1135.26
259778,119.06
259794,118.24
259802,1052.9
259804,963.78
259810,914.35
259812,1064.72
259815,16.32
259820,9.1
259828,20.35
259834,836.83
259869,23.26
259889,834.99
259900,875.14
259908,114.9
259916,393.1
259926,672.95
259965,106.28
259969,299.29
260010,312.03
260078,251.36
260134,12.08
260176,479.52
260192,334.14
261639,851.6
261643,911.81
261676,22.44
261717,966.17
261735,49.16
261766,620.39
261788,1008.56
261792,19.5
261802,7.9
261814,1115.73
261829,8.57
261997,777.41
262034,369.54
262538,9.54
263369,17.31
263727,771.44
263771,292.1
263851,321.16
263855,371.94
263982,1030.02
264016,808.35
265219,11.76
265486,987.0
266160,906.85
266177,1203.92
266186,334.92
266203,307.77
266229,244.33
266280,933.69
266285,1037.69
266349,22.16
266366,22.4
266381,902.71
266419,997.8
266436,19.89
266495,8.92
266511,300.96
266753,8.45
267119,11.85
267729,943.71
267836,903.87
268392,1110.98
269376,997.39
269380,984.59
269441,253.76
269451,1000.49
269483,956.22
269493,887.62
269543,1128.66
269898,305.73
270045,312.94
270178,304.51
270825,1029.47
272370,844.39
272482,896.17
272502,1104.54
272580,337.19
272942,509.77
273050,11.5
273950,1017.05
274054,943.12
274086,752.02
274143,10.03
274154,879.09
274178,1320.92
275747,1020.62
275750,9.34
275753,1075.7
275765,9.41
275829,944.94
275898,321.03
275972,14.88
277679,1006.29
277718,669.67
277746,826.05
277800,347.22
277804,302.65
277932,301.73
277952,311.1
278017,17.1
278884,847.92
278913,1148.36
279512,1104.51
279520,359.29
279522,750.14
279571,321.01
279580,959.44
279644,710.78
279654,715.39
279658,23.91
279671,49.24
279725,1115.75
279794,776.66
279805,346.71
279807,357.63
279878,309.78
279936,22.11
280025,336.15
280035,14.53
280063,1050.15
280194,313.57
280222,107.67
281220,26.34
281309,8.22
281738,991.94
281965,902.67
282186,318.43
282204,1198.12
282220,1180.19
282223,50.31
282235,17.05
282237,360.25
282251,20.21
282264,132.25
282266,941.23
282268,1098.48
282280,899.79
282286,790.28
282311,49.66
282313,8.29
282314,832.54
282317,118.24
282322,914.64
282349,21.22
282353,893.45
282389,1024.42
282396,1118.62
282410,20.5
282450,991.2
282467,3.77
282468,977.08
282530,287.86
282558,8.71
282565,7.29
282599,920.99
282601,893.98
282613,320.34
282614,318.31
282836,308.81
282848,375.71
283422,983.27
283496,9.85
283644,940.79
283708,21.74
283865,1084.78
284199,1061.02
284389,149.53
285363,1004.81
285371,121.62
285393,278.13
285433,16.54
285456,17.72
285459,858.76
285474,592.56
285494,20.33
285507,913.19
285522,954.73
285557,710.12
285565,1022.16
285608,19.77
285616,19.0
285649,813.57
285745,342.03
285852,10.44
285963,11.82
287536,20.33
288402,1153.08
288413,677.65
288420,857.15
288426,814.7
288442,648.51
288481,18.6
288490,798.61
288508,1058.67
288526,1107.27
288556,1007.28
288607,19.4
288690,579.11
288755,322.47
288763,318.72
288766,9.07
288819,334.85
289255,339.13
289494,1001.16
289781,1081.63
290070,322.76
290084,637.33
290093,979.63
290102,650.68
290124,955.07
290150,334.54
290196,1113.91
290263,21.55
290316,320.67
290381,326.21
290431,18.88
291377,21.19
291576,300.78
291704,9.3
291714,7.24
291732,798.05
291752,922.5
291763,1185.79
291797,48.13
291823,1012.1
291839,740.92
292616,50.59
293570,974.22
293629,845.7
293670,750.35
294754,908.8
294905,21.09
295500,1001.85
295510,107.46
295559,846.93
295584,21.87
295650,125.67
295689,15.48
295700,9.45
295818,330.98
295962,997.42
296012,321.16
296141,379.57
296761,1.78
297159,957.37
297808,952.33
297889,299.79
298141,917.14
298302,20.71
298311,21.88
298358,93.87
298434,13.96
298808,1111.57
300776,195.69
301032,21.73
301324,19.91
301363,270.06
301389,842.07
301402,51.86
301528,1030.78
301600,19.11
301866,898.83
301881,751.63
304225,255.24
304345,489.67
304350,22.61
304567,21.23
304640,13.65
304726,306.95
304738,335.95
304804,7.27
305209,348.06
305454,17.82
305498,298.14
305575,1019.51
305879,16.75
306025,823.42
306031,52.83
306087,873.29
306117,8.14
306120,348.09
306123,319.27
306128,708.51
306156,806.79
306195,17.45
306208,870.55
306215,290.0
306221,850.16
306232,19.04
306258,326.36
306264,18.46
306270,298.17
306277,7.23
306328,284.76
306337,939.34
306386,8.52
306516,290.54
307561,863.5
307710,20.61
307720,897.6
307743,372.73
307744,854.43
307759,10.18
307760,582.92
307779,1030.08
307794,1012.2
307797,908.98
307818,830.7
307849,682.25
307854,802.42
307868,312.5
307982,11.09
307984,306.79
307989,10.84
307992,319.1
307993,282.39
308006,10.62
308053,714.25
308056,20.39
308080,332.24
308119,292.42
309296,1094.32
309627,20.13
309659,960.89
309661,891.36
309666,6.84
309688,48.68
309694,398.89
309725,912.32
309787,1004.44
309792,769.89
309937,294.93
309948,285.8
309991,759.5
310013,269.66
310014,9.3
310093,290.91
311149,9.94
311493,793.61
311494,118.4
311514,684.59
311523,960.14
311572,1060.9
311582,726.93
311586,856.3
311628,7.73
311631,498.84
311656,256.09
311682,295.82
311726,1018.07
311753,809.78
311780,10.95
311805,285.48
312276,8.65
313184,929.11
313436,890.94
313791,915.2
313910,949.65
314106,768.25
314113,773.33
314178,21.79
314222,928.76
314232,254.95
314240,18.21
314330,1008.11
314352,751.72
314371,1093.63
314605,314.74
316529,290.22
317299,1015.71
322184,271.07
322331,867.41
322372,317.37
323545,140.77
323807,680.39
323855,289.1
323884,276.82
323962,287.69
325721,1140.55
325873,300.9
325896,278.99
325967,283.58
327076,966.98
327216,1140.88
327231,1041.54
327375,322.47
327423,832.55
327427,980.71
327431,924.6
327439,267.1
327451,826.38
327456,1139.97
327480,1104.91
327530,1252.51
327564,278.59
327598,10.0
327605,13.98
327627,307.89
327652,282.77
327686,303.9
327755,11.43
327826,310.37
327881,336.84
328127,12.4
328163,293.96
328192,10.36
328235,318.47
328867,1134.02
329471,288.17
329800,614.29
329837,849.81
329986,1034.66
330003,272.26
330010,1019.43
330022,386.54
330048,1038.53
330061,869.72
330087,976.13
330090,773.18
330093,873.24
330124,772.55
330135,974.36
330144,8.45
330173,898.03
330182,780.19
330196,1061.53
330197,821.96
330212,769.5
330223,1106.48
330237,20.94
330255,1009.26
330260,880.31
330355,287.37
333143,1021.41
333221,923.16
333419,988.01
333532,284.76
333551,302.51
334064,325.1
336070,939.95
336442,998.31
336477,898.97
336513,693.09
336518,882.81
336538,864.89
336601,859.65
336763,319.52
336809,140.13
337088,312.69
338026,307.9
338048,220.31
338205,355.11
338344,870.71
339404,21.87
339753,255.68
339829,304.47
341702,306.33
341754,291.24
341779,305.28
341783,7.83
341816,12.21
341919,298.13
342954,10.53
343387,20.73
343441,940.61
343443,1007.34
343450,20.67
343479,785.09
343516,1046.08
343555,736.63
343566,317.58
343617,910.3
343619,721.23
343667,827.42
343702,7.38
343708,812.79
343752,1000.87
343823,335.74
343849,8.08
343850,337.37
345776,8.95
346024,21.85
346030,1034.69
346138,21.39
346223,23.56
346389,342.3
347324,286.83
349069,992.26
349364,754.83
349415,286.85
349662,284.12
350057,20.49
351609,828.44
352237,1094.76
352431,821.38
352497,891.8
352508,713.28
352551,801.34
352574,12.01
352614,14.0
352617,354.52
352634,8.74
352661,747.84
353359,22.66
353428,18.44
353895,816.2
353915,18.67
353958,1042.48
353994,1090.29
354001,19.57
354008,949.68
354010,100.46
354011,50.37
354058,329.17
354097,276.62
354117,10.41
354131,890.93
354134,813.05
354225,10.21
354254,962.8
354302,10.58
354356,316.34
354692,9.38
355331,20.83
355523,7.39
355529,807.62
355534,137.61
355558,823.34
355564,718.19
355612,322.25
355655,833.6
355667,988.75
355690,314.07
355744,6.87
355852,319.86
355870,308.77
357074,1039.05
357366,1009.4
357378,805.77
357473,1135.07
357702,21.96
358852,52.12
358984,47.57
359215,51.43
359331,1098.94
359475,295.76
359492,326.03
359495,289.3
359538,307.01
359720,298.36
361291,1015.01
361301,855.0
361853,1104.78
361904,1027.83
361911,7.15
362054,785.82
362088,965.58
362137,19.83
362774,307.37
364289,299.68
365378,317.61
365424,762.14
365436,924.24
365495,986.97
365603,6.12
365644,20.75
365850,7.95
368366,284.07
368370,1013.2
368372,306.22
368457,937.47
368503,304.44
368507,1160.11
368558,704.86
368573,1084.29
368623,47.43
368654,8.81
370092,741.13
370109,727.83
370156,701.95
370372,316.91
370377,23.69
370835,905.67
371703,684.72
371721,507.07
371801,21.31
371808,1113.48
371812,665.71
371874,11.02
371875,338.05
371943,333.73
371964,20.25
372012,333.84
372370,298.86
373523,1096.43
373526,1070.36
373553,1004.6
373557,52.18
373615,835.04
373617,876.63
373643,1033.84
373809,382.18
373934,312.27
374050,12.55
375337,280.0
375355,349.38
375443,7.05
375565,311.92
375756,7.99
377814,294.02
378097,117.23
378167,640.43
378175,916.14
378263,12.05
378437,304.53
378438,251.97
378618,335.84
378740,269.38
381178,725.03
384711,296.26
384716,12.62
385753,958.91
385844,945.16
385859,998.39
385901,986.16
385945,1108.71
385961,1187.73
385968,902.81
386034,309.39
386082,303.35
386096,317.59
386097,362.93
386172,7.84
386289,9.36
386313,7.86
387443,826.89
387490,743.45
387556,1004.95
387559,19.89
387605,9.03
387610,821.89
387625,875.38
387658,747.9
387697,283.65
387752,833.78
387816,305.25
387823,15.49
387845,317.57
387900,5.53
387908,11.34
387910,290.52
388332,8.77
389126,1022.36
389218,235.42
389332,1122.28
389344,1147.88
389348,919.1
389352,666.71
389358,964.94
389360,994.02
389373,734.29
389394,863.1
389396,999.15
389445,1030.86
389704,306.22
390207,298.21
391121,464.99
391235,870.33
391248,809.15
391272,641.44
391291,10.0
391528,11.59
393624,952.03
393745,971.98
394134,10.34
394148,14.95
394245,312.63
396826,913.17
396866,836.49
396898,1023.43
397032,963.57
397066,988.52
397472,353.11
399919,710.24
400054,1082.1
400174,330.44
400197,301.9
400243,7.58
400263,335.68
400298,9.58
400331,10.25
400353,274.08
400646,263.69
401045,1133.52
401268,21.55
401448,983.38
401559,1132.88
401582,17.15
401588,1070.99
401623,1033.33
401625,722.27
401637,1032.63
401640,331.69
401695,6.97
401705,270.75
401724,283.94
401765,11.07
401780,336.28
401785,9.12
401795,267.74
401805,326.38
401950,296.64
402308,682.62
402422,907.83
402489,907.77
402668,762.64
402960,760.29
402991,1082.63
403057,835.51
403183,797.76
403193,969.05
403216,1059.37
403231,867.25
403234,6.97
403235,868.43
403249,754.95
403254,1000.91
403258,914.77
403272,969.37
403273,836.44
403304,981.75
403329,959.99
403353,312.93
403381,291.54
403438,318.04
403491,11.88
403525,10.13
403549,284.31
403574,11.91
403838,273.77
403928,9.5
404444,956.44
404678,850.57
405004,17.93
405012,831.72
405025,980.82
405026,847.3
405027,884.94
405039,308.3
405047,916.04
405098,949.55
405115,957.9
405159,1071.14
405160,836.06
405162,17.95
405191,10.64
405252,7.95
405408,317.21
406515,9.43
406757,294.9
406811,993.65
406846,816.03
406887,917.14
416202,304.81
416421,913.04
416511,341.52
416652,326.75
416892,296.27
416981,806.92
417010,313.62
417140,8.47
421290,934.26
421833,1061.02
421949,409.2
422405,9.16
422683,10.75
422759,324.22
425118,745.05
425120,603.08
425124,1318.89
425150,223.49
425162,984.28
425166,1061.37
425170,1008.38
425171,918.2
425181,926.72
425184,990.84
425205,1118.24
425220,1183.93
425245,993.4
425405,333.42
425459,298.76
428496,881.12
428593,781.06
428902,9.79
429206,13.69
431889,959.59
432006,9.02
432147,257.51
432168,288.17
432176,570.37
432283,1068.48
432375,266.28
432481,319.22
432545,1107.65
432643,316.71
432709,354.08
432746,656.56
433126,274.68
435333,967.36
435757,21.28
435862,1086.32
435973,21.69
436071,419.52
436087,690.67
436106,799.3
436151,10.0
436264,846.5
436487,18.54
436725,319.21
438561,17.45
438819,1099.03
440768,338.94
441000,686.99
441001,893.8
441008,886.33
441072,49.51
441151,812.13
441283,986.43
441292,858.73
441315,133.43
441421,854.04
441426,905.63
441467,1073.81
441835,855.54
442126,321.48
442214,835.3
447199,18.72
447469,718.27
447559,327.7
447639,117.49
447696,419.94
447759,694.47
447769,925.31
447897,261.22
448224,348.31
448229,335.48
448527,335.21
448589,19.74
448652,315.25
448694,721.96
448745,9.51
448758,353.58
448786,283.05
448840,19.26
448848,821.01
448892,312.8
449117,798.67
449411,302.44
450096,286.92
450958,1032.04
453516,1128.83
453559,981.4
453573,216.25
453617,19.44
453662,813.71
453717,1115.54
453728,901.46
453869,1153.76
453937,988.31
453968,775.14
454063,106.11
454114,911.05
454170,871.77
454189,8.67
454312,287.65
454521,801.38
454568,1155.37
454943,305.98
455040,299.2
456449,17.51
456761,1011.85
456922,866.41
456964,824.1
457053,1015.53
457100,878.28
457111,337.77
457136,1044.34
457409,10.97
457517,8.76
459494,8.96
460566,261.03
460624,829.36
460726,320.83
460735,334.12
460836,890.64
460882,343.37
460883,344.81
460892,101.04
460924,720.83
461013,1103.29
461095,745.88
461105,8.33
461106,770.65
461263,392.0
462194,7.88
462378,216.01
462762,878.46
464104,21.84
464119,18.46
464229,17.35
464284,19.45
464351,1123.99
464428,6.62
464440,9.02
464451,381.5
464452,282.58
464483,851.46
464493,372.65
464505,716.96
464569,318.88
464635,956.58
464810,717.14
465956,234.54
466344,236.42
467238,21.71
467434,146.09
467739,230.99
467781,768.45
467904,20.2
467970,552.04
468012,214.51
468152,320.05
468426,832.81
471208,985.83
472941,949.49
473010,21.89
473095,19.34
473151,823.31
473228,746.79
473378,19.86
473720,304.93
473849,20.22
474056,273.42
474087,9.43
474131,18.9
476145,938.8
479206,282.22
479216,777.27
479321,916.68
479443,991.1
479444,991.22
479884,725.33
480010,6.67
480500,9.65
480763,308.23
483521,328.18
485148,1065.89
485390,982.07
485393,22.18
485405,898.36
485605,856.86
485616,717.16
485783,844.77
485859,1038.53
485998,273.2
486051,309.95
486094,291.1
488646,899.98
488648,821.87
488657,9.27
488684,949.82
488699,848.91
488786,958.42
488792,806.56
488869,1158.64
488895,1056.99
488998,15.41
489181,7.05
489185,7.76
491539,759.36
491777,925.28
492026,986.73
492082,838.93
492141,751.63
492158,881.41
492197,985.69
492200,890.81
492277,913.22
492284,835.25
495154,837.53
495791,835.63
495812,982.14
496197,315.1
496267,297.87
497523,267.86
499585,831.86
499719,939.59
499732,1121.05
499789,212.01
501393,866.79
504945,23.92
505085,19.27
505195,168.06
505352,338.6
505711,349.96
505774,358.24
505826,859.12
506021,11.79
511235,866.01
511244,209.84
511272,123.58
511374,219.11
511675,981.22
512502,6.6
514913,997.77
517197,1041.51
517274,868.09
517341,1039.42
517529,289.27
517571,766.38
